train_size_waves,dataset_size_samples,asymptotic_relative_energy_error
1,601,0.30721681338185686
10,6010,0.043795612604091164
25,15025,0.03318713286783975
50,30050,0.03135778932193416
75,45075,0.037169037500350895
