epoch,step,train_loss
0,31,0.019308501854538918
1,63,0.0005040200776420534
